{
  "$schema": "https://schema.management.azure.com/schemas/2015-01-01/deploymentTemplate.json#",
  "contentVersion": "1.0.0.0",
  "parameters": {
    "virtualNetworkName": {
      "type": "string",
      "defaultValue": "20533D0401-vnet1",
      "metadata": {
        "description": "This is the name of the Virtual Network"
      }
    },
    "networkInterfaceName": {
      "type": "string",
      "defaultValue": "20533D0401-nic",
      "metadata": {
        "description": "This is the prefix name of the Network interfaces"
      }
    },
    "vmNamePrefix": {
      "type": "string",
      "defaultValue": "20533D0401-vm",
      "metadata": {
        "description": "Prefix to use for VM names"
      }
    },
    "adminUsername": {
      "type": "string",
      "metadata": {
        "description": "Admin username"
      }
    },
    "adminPassword": {
      "type": "securestring",
      "metadata": {
        "description": "Admin password"
      }
    },
    "imagePublisher": {
      "type": "string",
      "defaultValue": "MicrosoftWindowsServer",
      "metadata": {
        "description": "Image Publisher"
      }
    },
    "imageOffer": {
      "type": "string",
      "defaultValue": "WindowsServer",
      "metadata": {
        "description": "Image Offer"
      }
    },
    "imageSKU": {
      "type": "string",
      "defaultValue": "2016-Datacenter",
      "metadata": {
        "description": "Image SKU"
      }
    },
    "vmSize": {
      "type": "string",
      "metadata": {
        "description": "This is the allowed list of VM sizes"
      }
    }
  },
  "variables": {
    "availabilitySetName": "20533D0401-avset",
    "storageAccountType": "Standard_LRS",
    "storageAccountName": "[concat('20533d0401', uniqueString(resourceGroup().id))]",
    "subnet1Name": "web",
    "subnet2Name": "app",
    "subnet3Name": "database",
    "vnetID": "[resourceId('Microsoft.Network/virtualNetworks',parameters('virtualNetworkName'))]",
    "subnetRef": "[concat(variables('vnetID'),'/subnets/',variables ('subnet1Name'))]",
    "numberOfInstances": 2,
    "networkSecurityGroupName": "20533D0401-web-nsg"
  },
  "resources": [
    {
      "type": "Microsoft.Storage/storageAccounts",
      "name": "[variables('storageAccountName')]",
      "apiVersion": "2017-06-01",
      "location": "[resourceGroup().location]",
      "sku": {
        "name": "Standard_LRS"
      },
      "kind": "Storage",
      "properties": {}
    },
    {
      "type": "Microsoft.Compute/availabilitySets",
      "name": "[variables('availabilitySetName')]",
      "apiVersion": "2017-03-30",
      "location": "[resourceGroup().location]",
      "sku": {
        "name": "Aligned"
      },
      "properties": {
        "platformFaultDomainCount": "2",
        "platformUpdateDomainCount": "5"
      }
    },
    {
      "apiVersion": "2017-08-01",
      "type": "Microsoft.Network/virtualNetworks",
      "name": "[parameters('virtualNetworkName')]",
      "location": "[resourceGroup().location]",
      "properties": {
        "addressSpace": {
          "addressPrefixes": [
            "10.0.0.0/22"
          ]
        },
        "subnets": [
          {
            "name": "[variables('subnet1Name')]",
            "properties": {
              "addressPrefix": "10.0.2.0/24"
            }
          },
          {
            "name": "[variables('subnet2Name')]",
            "properties": {
              "addressPrefix": "10.0.1.0/24"
            }
          },
          {
            "name": "[variables('subnet3Name')]",
            "properties": {
              "addressPrefix": "10.0.0.0/24"
            }
          }
        ]
      }
    },
    {
      "apiVersion": "2017-08-01",
      "type": "Microsoft.Network/networkInterfaces",
      "name": "[concat(parameters('networkInterfaceName'), copyindex())]",
      "location": "[resourceGroup().location]",
      "copy": {
        "name": "nicLoop",
        "count": "[variables('numberOfInstances')]"
      },
      "dependsOn": [
        "[concat('Microsoft.Network/virtualNetworks/', parameters('virtualNetworkName'))]"
      ],
      "properties": {
        "ipConfigurations": [
          {
            "name": "ipconfig1",
            "properties": {
              "privateIPAllocationMethod": "Dynamic",
              "subnet": {
                "id": "[variables('subnetRef')]"
              }
            }
          }
        ],
        "networkSecurityGroup": {
          "id": "[resourceId('Microsoft.Network/networkSecurityGroups', variables('networkSecurityGroupName'))]"
        }
      }
    },
    {
      "apiVersion": "2017-03-30",
      "type": "Microsoft.Compute/virtualMachines",
      "name": "[concat(parameters('vmNamePrefix'), copyindex())]",
      "copy": {
        "name": "virtualMachineLoop",
        "count": "[variables('numberOfInstances')]"
      },
      "location": "[resourceGroup().location]",
      "dependsOn": [
        "[concat('Microsoft.Storage/storageAccounts/', variables('storageAccountName'))]",
        "[concat('Microsoft.Network/networkInterfaces/', parameters('networkInterfaceName'), copyindex())]",
        "[concat('Microsoft.Compute/availabilitySets/', variables('availabilitySetName'))]"
      ],
      "properties": {
        "availabilitySet": {
          "id": "[resourceId('Microsoft.Compute/availabilitySets',variables('availabilitySetName'))]"
        },
        "hardwareProfile": {
          "vmSize": "[parameters('vmSize')]"
        },
        "osProfile": {
          "computerName": "[concat(parameters('vmNamePrefix'), copyIndex())]",
          "adminUsername": "[parameters('adminUsername')]",
          "adminPassword": "[parameters('adminPassword')]"
        },
        "storageProfile": {
          "imageReference": {
            "publisher": "[parameters('imagePublisher')]",
            "offer": "[parameters('imageOffer')]",
            "sku": "[parameters('imageSKU')]",
            "version": "latest"
          },
          "osDisk": {
            "createOption": "FromImage"
          }
        },
        "networkProfile": {
          "networkInterfaces": [
            {
              "id": "[resourceId('Microsoft.Network/networkInterfaces',concat(parameters('networkInterfaceName'),copyindex()))]"
            }
          ]
        },
        "diagnosticsProfile": {
          "bootDiagnostics": {
            "enabled": "true",
            "storageUri": "[concat('http://',variables('storageAccountName'),'.blob.core.windows.net')]"
          }
        }
      }
    },
    {
      "name": "[variables('networkSecurityGroupName')]",
      "type": "Microsoft.Network/networkSecurityGroups",
      "apiVersion": "2017-08-01",
      "location": "[resourceGroup().location]",
      "comments": "Network Security Group (NSG) for Primary NIC",
      "properties": {
        "securityRules": [
          {
            "name": "default-allow-rdp",
            "properties": {
              "priority": 1000,
              "sourceAddressPrefix": "*",
              "protocol": "Tcp",
              "destinationPortRange": "3389",
              "access": "Allow",
              "direction": "Inbound",
              "sourcePortRange": "*",
              "destinationAddressPrefix": "*"
            }
          }
        ]
      }
    }
  ]
}

