{
  "$schema": "https://schema.management.azure.com/schemas/2015-01-01/deploymentTemplate.json#",
  "contentVersion": "1.0.0.0",
  "parameters": {
    "vmName": {
      "type": "string",
      "defaultValue": "20533D0401-vm2",
      "metadata": {
        "description": "Name of the VM"
      }
    },
    "vmSize": {
      "type": "string",
      "metadata": {
        "description": "This is the allowed list of VM sizes"
      }
    },
    "adminUsername": {
      "type": "string",
      "metadata": {
        "description": "Admin username"
      }
    },
    "adminPassword": {
      "type": "securestring",
      "metadata": {
        "description": "Admin password"
      }
    },
    "imagePublisher": {
      "type": "string",
      "defaultValue": "MicrosoftWindowsServer",
      "metadata": {
        "description": "Image Publisher"
      }
    },
    "imageOffer": {
      "type": "string",
      "defaultValue": "WindowsServer",
      "metadata": {
        "description": "Image Offer"
      }
    },
    "imageSKU": {
      "type": "string",
      "defaultValue": "2016-Datacenter",
      "metadata": {
        "description": "Image SKU"
      }
    },
    "virtualNetworkName": {
      "type": "string",
      "defaultValue": "20533D0401-vnet1",
      "metadata": {
        "description": "VNET Name"
      }
    },
    "virtualNetworkResourceGroup": {
      "type": "string",
      "defaultValue": "20533D0401-LabRG",
      "metadata": {
        "description": "Resource Group VNET is deployed in"
      }
    },
    "subnetName": {
      "type": "string",
      "defaultValue": "database",
      "metadata": {
        "description": "Name of the subnet inside the VNET"
      }
    },
    "publicIPName": {
      "type": "string",
      "defaultValue": "20533D0401-pip2",
      "metadata": {
        "description": "Name of Public IP"
      }
    },
    "publicIPAddressType": {
      "type": "string",
      "defaultValue": "Dynamic",
      "metadata": {
        "description": "Type of Public Address"
      }
    },
    "storageAccountType": {
      "type": "string",
      "defaultValue": "Standard_LRS",
      "metadata": {
        "description": "Type of storage account"
      }
    }
  },
  "variables": {
    "vnetID": "[resourceId(parameters('virtualNetworkResourceGroup'), 'Microsoft.Network/virtualNetworks', parameters('virtualNetworkName'))]",
    "subnet1Ref": "[concat(variables('vnetID'),'/subnets/', parameters('subnetName'))]",
    "diagStorageAccountName": "[concat('20533d0401',uniqueString(resourceGroup().id))]",
    "nicName": "20533D0401-nic2"
  },
  "resources": [
    {
      "type": "Microsoft.Storage/storageAccounts",
      "name": "[variables('diagStorageAccountName')]",
      "apiVersion": "2017-06-01",
      "location": "[resourceGroup().location]",
      "sku": {
          "name":  "[parameters('storageAccountType')]"
      },
      "kind": "Storage",
      "properties": {}
    },
    {
      "type": "Microsoft.Network/publicIPAddresses",
      "name": "[parameters('publicIPName')]",
      "apiVersion": "2017-06-01",
      "location": "[resourceGroup().location]",
      "properties": {
        "publicIPAllocationMethod": "[parameters('publicIPAddressType')]"
      }
    },
    {
      "type": "Microsoft.Network/networkInterfaces",
      "name": "[variables('nicName')]",
      "apiVersion": "2017-06-01",
      "location": "[resourceGroup().location]",
      "dependsOn": [
        "[concat('Microsoft.Network/publicIPAddresses/', parameters('publicIPName'))]"
      ],
      "properties": {
        "ipConfigurations": [
          {
            "name": "ipconfig1",
            "properties": {
              "privateIPAllocationMethod": "Dynamic",
              "publicIPAddress": {
                "id": "[resourceId('Microsoft.Network/publicIPAddresses', parameters('publicIPName'))]"
              },
              "subnet": {
                "id": "[variables('subnet1Ref')]"
              }
            }
          }
        ]
      }
    },
    {
      "type": "Microsoft.Compute/virtualMachines",
      "name": "[parameters('vmName')]",
      "apiVersion": "2017-03-30",
      "location": "[resourceGroup().location]",
      "dependsOn": [
        "[variables('diagStorageAccountName')]",
        "[variables('nicName')]"
      ],
      "properties": {
        "osProfile": {
          "computerName": "[parameters('vmName')]",
          "adminUsername": "[parameters('adminUsername')]",
          "adminPassword": "[parameters('adminPassword')]",
          "windowsConfiguration": {
            "provisionVmAgent": "true"
          }
        },
        "hardwareProfile": {
          "vmSize": "[parameters('vmSize')]"
        },
        "storageProfile": {
          "imageReference": {
            "publisher": "[parameters('imagePublisher')]",
            "offer": "[parameters('imageOffer')]",
            "sku": "[parameters('imageSKU')]",
            "version": "latest"
          },
          "osDisk": {
            "createOption": "FromImage"
          },
          "dataDisks": []
        },
        "networkProfile": {
          "networkInterfaces": [
            {
              "id": "[resourceId('Microsoft.Network/networkInterfaces', variables('nicName'))]"
            }
          ]
        },
        "diagnosticsProfile": {
          "bootDiagnostics": {
            "enabled": true,
            "storageUri": "[reference(resourceId('Microsoft.Storage/storageAccounts', variables('diagStorageAccountName')), '2017-06-01').primaryEndpoints['blob']]"
          }
        }
      }
    }
  ]
}
