{
  "$schema": "https://schema.management.azure.com/schemas/2015-01-01/deploymentTemplate.json#",
  "contentVersion": "1.0.0.0",
  "parameters": {
    "adminUsername": {
      "type": "string",
      "defaultValue": "Student",
      "metadata": {
        "description": "The name of the administrator account of the new VM and domain"
      }
    },
    "adminPassword": {
      "type": "string",
      "defaultValue": "Pa55w.rd1234",
      "metadata": {
        "description": "The password for the administrator account of the new VM and domain"
      }
    },
    "domainName": {
      "type": "string",
      "defaultValue": "adatum.com",
      "metadata": {
        "description": "The FQDN of the Active Directory Domain to be created"
      }
    },
    "windowsserver":{
      "type": "string",
       "metadata": {
        "description": "The version of Windows Server to use"
      },
      "defaultValue": "2016-Datacenter",
      "allowedValues": [
        "2016-Datacenter"
      ]
    },
    "_artifactsLocation": {
      "type": "string",
      "metadata": {
        "description": "The location of resources, such as templates and DSC modules, that the template depends on"
      }
    },
    "_artifactsLocationSasToken": {
      "type": "securestring",
      "metadata": {
        "description": "Auto-generated token to access _artifactsLocation"
      },
      "defaultValue": ""
    },
    "vmSize": {
      "type": "string",
      "metadata": {
        "description": "This is the allowed list of VM sizes"
      }
    }
  },
  "variables": {
    "virtualNetworkName": "20533D1001-vnet",
    "virtualNetworkAddressRange": "10.0.0.0/22",
    "storageAccountName": "[concat('adsa', uniquestring(resourceGroup().id))]",
    "adLBFE": "lbfe",
    "adLBBE": "lbbe",
    "adRDPNAT": "default-allow-rdp",
    "adNicName": "20533D1001-nic",
    "adNicIPAddress": "10.0.0.4",
    "adVMName": "20533D1001-vm1",
    "adSubnetName": "ad",
    "adSubnetAddressPrefix": "10.0.0.0/24",
    "publicIPAddressName": "20533D1001-pip",
    "adAvailabilitySetName": "2033D1001-avset",
    "adLBName": "20533D1001-lb",
    "dnsPrefix": "[concat('dns', uniquestring(resourceGroup().id))]"
  },
  "resources": [
    {
      "type": "Microsoft.Storage/storageAccounts",
      "name": "[variables('storageAccountName')]",
      "apiVersion": "2017-06-01",
      "location": "[resourceGroup().location]",
      "sku": {
        "name": "Standard_LRS"
      },
      "kind": "Storage",
      "properties": {}
    },
    {
      "type": "Microsoft.Network/publicIPAddresses",
      "name": "[variables('publicIPAddressName')]",
      "apiVersion": "2017-06-01",
      "location": "[resourceGroup().location]",
      "properties": {
        "publicIPAllocationMethod": "Dynamic",
        "dnsSettings": {
          "domainNameLabel": "[variables('dnsPrefix')]"
        }
      }
    },
    {
      "type": "Microsoft.Compute/availabilitySets",
      "name": "[variables('adAvailabilitySetName')]",
      "apiVersion": "2017-03-30",
      "location": "[resourceGroup().location]",
      "sku": {
        "name": "Aligned"
      },
      "properties": {
        "platformFaultDomainCount": "2",
        "platformUpdateDomainCount": "5"
      }
    },
    {
        "type": "Microsoft.Resources/deployments",
        "name": "VNet",
        "apiVersion": "2017-05-10",
        "properties": {
            "mode": "Incremental",
            "templateLink": {
                "uri": "[concat(parameters('_artifactsLocation'), '/nestedtemplates/vnet.json', parameters('_artifactsLocationSasToken'))]",
                "contentVersion": "1.0.0.0"
            },
            "parameters": {
                "virtualNetworkName": {
                    "value": "[variables('virtualNetworkName')]"
                },
                "virtualNetworkAddressRange": {
                    "value": "[variables('virtualNetworkAddressRange')]"
                },
                "subnetName": {
                    "value": "[variables('adSubnetName')]"
                },
                "subnetRange": {
                    "value": "[variables('adSubnetAddressPrefix')]"
                }
            }
        }
    },
    {
      "type": "Microsoft.Network/loadBalancers",
      "name": "[variables('adLBName')]",
      "apiVersion": "2017-03-01",
      "location": "[resourceGroup().location]",
      "dependsOn": [
        "[resourceId('Microsoft.Network/publicIPAddresses', variables('publicIPAddressName'))]"
      ],
      "properties": {
        "frontendIPConfigurations": [
          {
            "name": "[variables('adLBFE')]",
            "properties": {
              "publicIPAddress": {
                "id": "[resourceId('Microsoft.Network/publicIPAddresses', variables('publicIPAddressName'))]"
              }
            }
          }
        ],
        "backendAddressPools": [
          {
            "name": "[variables('adLBBE')]"
          }
        ],
        "inboundNatRules": [
          {
            "name": "[variables('adRDPNAT')]",
            "properties": {
              "frontendIPConfiguration": {
                "id": "[resourceId('Microsoft.Network/loadBalancers/frontendIPConfigurations', variables('adLBName'), variables('adLBFE'))]"
              },
              "protocol": "tcp",
              "frontendPort": 3389,
              "backendPort": 3389,
              "enableFloatingIP": false
            }
          }
        ]
      }
    },
    {
      "type": "Microsoft.Network/networkInterfaces",
      "name": "[variables('adNicName')]",
      "apiVersion": "2017-03-01",
      "location": "[resourceGroup().location]",
      "dependsOn": [
        "Microsoft.Resources/deployments/VNet",
        "[resourceId('Microsoft.Network/loadBalancers', variables('adLBName'))]"
      ],
      "properties": {
        "ipConfigurations": [
          {
            "name": "ipconfig1",
            "properties": {
              "privateIPAllocationMethod": "Static",
              "privateIPAddress": "[variables('adNicIPAddress')]",
              "subnet": {
                "id": "[resourceId('Microsoft.Network/virtualNetworks/subnets', variables('virtualNetworkName'), variables('adSubnetName'))]"
              },
              "loadBalancerBackendAddressPools": [
                {
                  "id": "[resourceId('Microsoft.Network/loadBalancers/backendAddressPools', variables('adLBName'), variables('adLBBE'))]"
                }
              ],
              "loadBalancerInboundNatRules": [
                {
                  "id": "[resourceId('Microsoft.Network/loadBalancers/inboundNatRules', variables('adLBName'), variables('adRDPNAT'))]"
                }
              ]
            }
          }
        ]
      }
    },
    {
      "type": "Microsoft.Compute/virtualMachines",
      "name": "[variables('adVMName')]",
      "apiVersion": "2017-03-30",
      "location": "[resourceGroup().location]",
      "dependsOn": [
        "[resourceId('Microsoft.Storage/storageAccounts', variables('storageAccountName'))]",
        "[resourceId('Microsoft.Network/networkInterfaces', variables('adNicName'))]",
        "[resourceId('Microsoft.Compute/availabilitySets', variables('adAvailabilitySetName'))]",
        "[resourceId('Microsoft.Network/loadBalancers', variables('adLBName'))]"
      ],
      "properties": {
        "hardwareProfile": {
          "vmSize": "[parameters('vmSize')]"
        },
        "availabilitySet": {
          "id": "[resourceId('Microsoft.Compute/availabilitySets', variables('adAvailabilitySetName'))]"
        },
        "osProfile": {
          "computerName": "[variables('adVMName')]",
          "adminUsername": "[parameters('adminUsername')]",
          "adminPassword": "[parameters('adminPassword')]"
        },
        "storageProfile": {
          "imageReference": {
            "publisher": "MicrosoftWindowsServer",
            "offer": "WindowsServer",
            "sku": "[parameters('windowsserver')]",
            "version": "latest"
          },
          "osDisk": {
            "createOption": "FromImage"
          },
          "dataDisks": [
            {
              "createOption": "Empty",
              "diskSizeGB": "1023",
              "lun": 0
            }
          ]
        },
        "networkProfile": {
          "networkInterfaces": [
            {
              "id": "[resourceId('Microsoft.Network/networkInterfaces', variables('adNicName'))]"
            }
          ]
        }
      },
      "resources": [
        {
          "type": "extensions",
          "name": "CreateADForest",
          "apiVersion": "2015-06-15",
          "location": "[resourceGroup().location]",
          "dependsOn": [
            "[resourceId('Microsoft.Compute/virtualMachines', variables('adVMName'))]"
          ],
          "properties": {
            "publisher": "Microsoft.Powershell",
            "type": "DSC",
            "typeHandlerVersion": "2.26",
            "autoUpgradeMinorVersion": true,
            "settings": {
              "ModulesUrl": "[concat(parameters('_artifactsLocation'), '/DSC/CreateADPDC.zip', parameters('_artifactsLocationSasToken'))]",
              "ConfigurationFunction": "CreateADPDC.ps1\\CreateADPDC",
              "Properties": {
                "DomainName": "[parameters('domainName')]",
                "AdminCreds": {
                  "UserName": "[parameters('adminUsername')]",
                  "Password": "PrivateSettingsRef:AdminPassword"
                }
              }
            },
            "protectedSettings": {
              "Items": {
                "AdminPassword": "[parameters('adminPassword')]"
              }
            }
          }
        }
      ]
    },
    {
      "type": "Microsoft.Resources/deployments",
      "name": "UpdateVNetDNS",
      "apiVersion": "2017-05-10",
      "dependsOn": [
        "[resourceId('Microsoft.Compute/virtualMachines/extensions', variables('adVMName'), 'CreateADForest')]"
      ],
      "properties": {
        "mode": "Incremental",
        "templateLink": {
          "uri": "[concat(parameters('_artifactsLocation'), '/nestedtemplates/vnet-with-dns-server.json', parameters('_artifactsLocationSasToken'))]",
          "contentVersion": "1.0.0.0"
        },
        "parameters": {
          "virtualNetworkName": {
            "value": "[variables('virtualNetworkName')]"
          },
          "virtualNetworkAddressRange": {
            "value": "[variables('virtualNetworkAddressRange')]"
          },
          "subnetName": {
            "value": "[variables('adSubnetName')]"
          },
          "subnetRange": {
            "value": "[variables('adSubnetAddressPrefix')]"
          },
          "DNSServerAddress": {
            "value": [
              "[variables('adNicIPAddress')]"
            ]
          }
        }
      }
    }
  ]
}
