{
  "$schema": "https://schema.management.azure.com/schemas/2015-01-01/deploymentTemplate.json#",
  "contentVersion": "1.0.0.0",
  "parameters": {
    "vmName": {
      "type": "string",
      "metadata": {
        "description": "VM name."
      }
    },
    "adminUsername": {
      "type": "string",
      "defaultValue": "Student",
      "metadata": {
        "description": "VM Admin user name."
      }
    },
    "adminPassword": {
      "type": "securestring",
      "metadata": {
        "description": "VM Admin user password."
      }
    },
    "virtualNetworkName": {
      "type": "string",
      "metadata": {
        "description": "VNet name."
      }
    },
    "resourceGroupName": {
      "type": "string",
      "defaultValue": "20533D0301-LabRG",
      "metadata": {
        "description": "Resource Group name."
      }
    },
    "subnetName": {
      "type": "string",
      "defaultValue": "web",
      "metadata": {
        "description": "Subnet Name"
      }
    },
    "subnetPrefix": {
      "type": "string",
      "defaultValue": "10.0.2.0/24",
      "metadata": {
        "description": "Subnet Prefix"
      }
    },
    "vmSize": {
      "type": "string",
      "metadata": {
        "description": "VM size"
      }
    },
    "storageAccountType": {
       "type": "string",
       "defaultValue": "Standard_LRS",
       "allowedValues": [
           "Standard_LRS",
           "Standard_GRS"
       ]
    }
  },
  "variables": {
    "imagePublisher": "MicrosoftWindowsServer",
    "imageOffer": "WindowsServer",
    "windowsOSVersion": "2016-Datacenter",
    "nicName": "[concat(tolower(parameters('vmName')), '-nic')]",
    "publicIPAddressName": "[concat(tolower(parameters('vmName')), '-pip')]",
    "publicIPAddressType": "Dynamic",
    "subnetRef": "[concat(variables('vnetID'),'/subnets/',parameters('subnetName'))]",
    "vnetID": "[resourceId(parameters('resourceGroupName'), 'Microsoft.Network/virtualNetworks',parameters('virtualNetworkName'))]",
    "storageAccountName": "[concat(tolower('20533d03'), uniqueString(resourceGroup().id))]",
    "avSetName": "20533D0301-web-avset",
    "networkSecurityGroupName": "20533D0301-web-nsg"
  },
  "resources": [
    {
      "apiVersion": "2015-06-15",
      "type": "Microsoft.Network/virtualNetworks/subnets",
      "name": "[concat(parameters('virtualNetworkName'), '/', parameters('subnetName'))]",
      "location": "[resourceGroup().location]",
      "properties": {
        "addressPrefix": "[parameters('subnetPrefix')]"
      }
    },
    {
      "type": "Microsoft.Compute/availabilitySets",
      "name": "[variables('avSetName')]",
      "apiVersion": "2017-03-30",
      "location": "[resourceGroup().location]",
      "sku": {
        "name": "Aligned"
      },
      "properties": {
        "platformFaultDomainCount": "3",
        "platformUpdateDomainCount": "5"
      }
    },
    {
      "name": "[variables('storageAccountName')]",
      "type": "Microsoft.Storage/storageAccounts",
      "location": "[resourceGroup().location]",
      "apiVersion": "2017-06-01",
      "sku": {
        "name": "[parameters('storageAccountType')]"
      },
      "kind": "Storage",
      "properties": {}
    },
    {
      "apiVersion": "2017-06-01",
      "type": "Microsoft.Network/publicIPAddresses",
      "name": "[variables('publicIPAddressName')]",
      "location": "[resourceGroup().location]",
      "properties": {
        "publicIPAllocationMethod": "[variables('publicIPAddressType')]"
      }
    },
    {
      "apiVersion": "2017-06-01",
      "type": "Microsoft.Network/networkInterfaces",
      "name": "[variables('nicName')]",
      "location": "[resourceGroup().location]",
      "dependsOn": [
        "[concat('Microsoft.Network/publicIPAddresses/', variables('publicIPAddressName'))]",
        "[concat('Microsoft.Network/virtualNetworks/', parameters('virtualNetworkName'), '/subnets/', parameters('subnetName'))]"
      ],
      "properties": {
        "ipConfigurations": [
          {
            "name": "ipconfig1",
            "properties": {
              "privateIPAllocationMethod": "Dynamic",
              "publicIPAddress": {
                "id": "[resourceId('Microsoft.Network/publicIPAddresses',variables('publicIPAddressName'))]"
              },
              "subnet": {
                "id": "[variables('subnetRef')]"
              }
            }
          }
        ],
        "networkSecurityGroup": {
            "id": "[resourceId('Microsoft.Network/networkSecurityGroups', variables('networkSecurityGroupName'))]"
        }
      }
    },
    {
      "name": "[parameters('vmName')]",
      "type": "Microsoft.Compute/virtualMachines",
      "apiVersion": "2017-03-30",
      "location": "[resourceGroup().location]",
      "dependsOn": [
        "[concat('Microsoft.Storage/storageAccounts/', variables('storageAccountName'))]",
        "[concat('Microsoft.Network/networkInterfaces/', variables('nicName'))]"
      ],
      "properties": {
        "hardwareProfile": {
          "vmSize": "[parameters('vmSize')]"
        },
        "availabilitySet": {
          "id": "[resourceId('Microsoft.Compute/availabilitySets', variables('avSetName'))]"
        },
        "osProfile": {
          "computerName": "[parameters('vmName')]",
          "adminUsername": "[parameters('adminUsername')]",
          "adminPassword": "[parameters('adminPassword')]"
        },
        "storageProfile": {
          "imageReference": {
            "publisher": "[variables('imagePublisher')]",
            "offer": "[variables('imageOffer')]",
            "sku": "[variables('windowsOSVersion')]",
            "version": "latest"
          },
          "osDisk": {
            "createOption": "FromImage"
          }
        },
        "networkProfile": {
          "networkInterfaces": [
            {
              "id": "[resourceId('Microsoft.Network/networkInterfaces',variables('nicName'))]"
            }
          ]
        },
        "diagnosticsProfile": {
          "bootDiagnostics": {
            "enabled": true,
            "storageUri": "[reference(resourceId('Microsoft.Storage/storageAccounts', variables('storageAccountName')), '2017-06-01').primaryEndpoints['blob']]"
          }
        }
      }
    },
    {
      "name": "[variables('networkSecurityGroupName')]",
      "type": "Microsoft.Network/networkSecurityGroups",
      "apiVersion": "2016-09-01",
      "location": "[resourceGroup().location]",
      "comments": "Network Security Group (NSG) for Primary NIC",
      "properties": {
         "securityRules": [
            {
              "name": "default-allow-rdp",
              "properties": {
                 "priority": 1000,
                 "sourceAddressPrefix": "*",
                 "protocol": "Tcp",
                 "destinationPortRange": "3389",
                 "access": "Allow",
                 "direction": "Inbound",
                 "sourcePortRange": "*",
                 "destinationAddressPrefix": "*"
              }
            },
            {
              "name": "custom-allow-http",
              "properties": {
                 "priority": 1100,
                 "sourceAddressPrefix": "*",
                 "protocol": "Tcp",
                 "destinationPortRange": "80",
                 "access": "Allow",
                 "direction": "Inbound",
                 "sourcePortRange": "*",
                 "destinationAddressPrefix": "*"
            }
          }
        ]
      }
    }
  ]
}
